{"cameraMode":{"drawMode":0,"name":"Shaded","section":"Shading Mode"},"sceneLighting":true,"audioPlay":false,"sceneViewState":{"showFog":true,"showMaterialUpdate":false,"showSkybox":true,"showFlares":true,"showImageEffects":true,"showParticleSystems":true},"in2DMode":false,"pivot":{"x":-0.5097538232803345,"y":-24.58361053466797,"z":4.871120452880859},"rotation":{"x":0.599514365196228,"y":-0.00360097480006516,"z":0.0026987572200596334,"w":0.8003575205802918},"size":77.3444595336914,"orthographic":false}