{"cameraMode":{"drawMode":0,"name":"Shaded","section":"Shading Mode"},"sceneLighting":true,"audioPlay":false,"sceneViewState":{"showFog":true,"showMaterialUpdate":false,"showSkybox":true,"showFlares":true,"showImageEffects":true,"showParticleSystems":true},"in2DMode":false,"pivot":{"x":375.4031982421875,"y":119.87255859375,"z":204.45849609375},"rotation":{"x":0.06769362837076187,"y":0.04338198900222778,"z":-0.002946185879409313,"w":0.996760904788971},"size":658.01904296875,"orthographic":false}