{"cameraMode":{"drawMode":0,"name":"Shaded","section":"Shading Mode"},"sceneLighting":true,"audioPlay":false,"sceneViewState":{"showFog":true,"showMaterialUpdate":false,"showSkybox":true,"showFlares":true,"showImageEffects":true,"showParticleSystems":true},"in2DMode":false,"pivot":{"x":-0.31203019618988039,"y":0.050347015261650088,"z":-0.7720688581466675},"rotation":{"x":-0.10528764873743057,"y":0.27574220299720766,"z":-0.030405819416046144,"w":-0.9549714922904968},"size":1.5826458930969239,"orthographic":false}